Esp,Nesp,France,Turquie,Espagne,Norfolk
Aegcau,piaf,x,x,x,x
Alcatt,piaf,x,x,x,x
Antius,Antius,x,,x,
Antped,Antped,x,,,
Antpet,piaf,x,x,,
Antsor,Antsor,x,,,
Apoagr,Aposp,x,x,x,
Aposyl,Aposp,x,x,x,x
Apuapu,piaf,x,x,x,x
Barbar,Barbar,x,x,x,x
Barfis,Barfis,x,,,
Barsan,Barsan,x,,x,
Barser,Barser,x,,x,
Bicbic,Bicbic,x,,x,
Carcar,piaf,x,x,x,x
Cerbra,piaf,x,x,x,x
Cetcet,piaf,x,x,x,x
chirp,chirp,x,,,
Chlchl,piaf,x,x,x,x
Chovag,criq,x,x,x,x
Cicorn,Cicorn,x,x,x,
Cisjun,piaf,x,x,x,x
Condor,Condor,x,x,x,x
Confus,Confus,x,,x,x
Cornix,piaf,x,x,x,x
Crorus,Mussp,x,x,x,x
Cyacae,piaf,x,x,x,x
Cympud,Cympud,x,,x,
Cyrscu,Cyrscu,x,,x,
Decalb,Decalb,x,x,x,
Denmaj,piaf,x,x,x,x
Embcae,piaf,x,x,x,x
Embcal,piaf,x,x,x,x
Embcir,piaf,x,x,x,x
Embcit,piaf,x,x,x,x
Epheph,Epheph,x,,x,
Eptana,Eptana,,x,,
Eptisa,Eptisa,,,x,
Eptser,Eptser,x,x,x,x
Erirub,piaf,x,x,x,x
Euccho,criq,x,x,x,x
Eumbor,Eumbor,x,x,x,
Eupcha,Eupcha,x,x,,
Fricoe,piaf,x,x,x,x
Homsap,mamm,x,x,x,x
Hypsav,Hypsav,x,x,x,
Inssp1,Inssp1,x,,x,x
Inssp2,Inssp2,x,,x,x
Inssp5,Inssp5,x,,x,x
Inssp6,Inssp6,x,,x,x
Inssp7,Inssp7,x,,x,x
InsTu1,InsTu1,,x,,
Isopyr,Isopyr,x,x,x,
Lamsp.,Lamsp.,x,x,x,x
Lepalb,Lepalb,x,x,,
Lepbos,Lepbos,x,,,
Leppun,Leppun,x,,x,x
Llusta,Llusta,,,x,
Lopcri,piaf,x,x,x,x
Lusmeg,piaf,x,x,x,x
Metbra,Metbra,x,,,x
Micagr,Micagr,x,x,x,x
Minsch,Minsch,x,x,x,
Mmasp1,mamm,x,x,x,x
Mmasp2,mamm,x,x,x,x
Mmasp3,mamm,x,x,x,x
Mmasp4,mamm,x,x,x,x
MmaTu1,mamm,x,x,x,
Motcin,piaf,x,x,x,x
Mussp.,Mussp,x,x,x,x
Myoalc,Myoalc,x,x,x,x
Myobec,Myobec,x,x,x,x
Myobly,MyoGT,x,x,x,
Myobra,Myobra,x,x,,x
Myocap,Myocap,x,x,x,
Myodas,Myodas,x,x,,
Myodau,Myodau,x,x,x,x
Myoema,Myoema,x,x,x,x
Myomyo,MyoGT,x,x,x,
Myomys,Myomys,x,x,x,x
Myonat,Myonat,x,x,,x
MyospA,Myonat,x,x,x,x
noise,noise,x,x,x,x
Nyclas,Nyclas,x,x,x,
Nyclei,Nyclei,x,x,x,x
Nycnoc,Nycnoc,x,x,x,x
Odomac,Odomac,,,x,
Omovir,criq,x,x,x,x
Oriori,piaf,x,x,x,x
Panbia,piaf,x,x,x,x
Parmaj,piaf,x,x,x,x
Pasdom,piaf,x,x,x,x
Pelbed,amph,x,x,x,x
Perate,piaf,x,x,x,x
Phafal,Phafal,x,x,x,
Phanan,Phanan,x,x,x,
Phofem,Phofem,x,x,,
Phogri,Phogri,x,x,x,x
Phycol,piaf,x,x,x,x
Picpic,piaf,x,x,x,x
Pipkuh,Pipkuh,x,x,x,x
Pipnat,Pipnat,x,x,x,x
Pippip,Pippip,x,x,x,x
Pippyg,Pippyg,x,x,x,x
Plaaff,Plaaff,x,,x,
Plaalb,Plaalb,x,,x,x
Plafal,Plafal,x,,x,
Plaibe,Plaibe,,,x,
Plaint,Plaint,x,,x,
Plasab,Plasab,x,,x,
Pleaur,Pleaur,x,,x,x
Pleaus,Pleaus,x,,x,x
Plebeg,Pleaur,x,,x,x
Plekol,Plekol,,x,,
Plemac,Plemac,x,x,x,
Poepal,piaf,x,x,x,x
Prumod,piaf,x,x,x,x
Pteger,Pteger,x,x,,
Ptegra,Ptegra,,x,x,
Ptepon,Ptepon,x,x,x,
Pycgos,piaf,x,x,x,
Pycjug,Pycjug,,,x,
Ratnor,Ratnor,x,x,x,x
Regign,piaf,x,x,x,x
Regreg,piaf,x,x,x,x
Rhibla,Rhibla,x,x,,
Rhieur,Rhieur,x,x,x,
Rhifer,Rhifer,x,x,x,x
Rhihip,Rhihip,x,x,x,x
Rhimeh,Rhimeh,,x,x,
RodTu1,mamm,x,x,x,
Roeroe,Roeroe,x,x,x,x
Rusnit,Rusnit,x,x,x,x
SauTu4,SauTu4,,x,,
SauTu5,SauTu5,,x,,
SauTu6,SauTu6,,x,,
SauTu7,SauTu7,,x,,
Sepsep,Sepsep,x,,x,
Serser,piaf,x,x,x,x
Siteur,piaf,x,x,x,x
Sorcor,Mussp,x,x,x,x
Stralu,piaf,x,x,x,x
Strdec,piaf,x,x,x,
Stuvul,piaf,x,x,x,x
Sylatr,piaf,x,x,x,x
Sylmel,piaf,x,x,x,x
Tadten,Tadten,x,x,x,
Tesori,Tesori,,,,
Testes,Testes,x,x,x,
Tetarg,Tetarg,x,,x,
Tetcan,Tetcan,x,x,x,
Tethis,Tethis,,,x,
Tetpyg,Tetpyg,x,,x,
Tetvir,Tetvir,x,x,x,x
Thycor,Thycor,x,,x,
Trotro,piaf,x,x,x,x
Turmer,piaf,x,x,x,x
Turphi,piaf,x,x,x,x
Tyllil,Tyllil,x,x,x,
Urorug,Urorug,x,,x,
Vesmur,Vesmur,x,x,x,
Yerray,Yerray,x,,x,
Zeuabb,Zeuabb,x,,x,
SauTurquiesp1,SauTurquiesp1,,x,,
SauTurquiesp2,SauTurquiesp2,,x,,
SauTurquiesp3,SauTurquiesp3,,x,,
